[
  {
    "id": "auto-repair-denver-01",
    "name": "Quick Fix Auto Repair",
    "category": "auto-repair",
    "city": "denver",
    "state": "Colorado",
    "address": "789 Automotive Dr, Denver, CO 80202",
    "phone": "(303) 555-0789",
    "website": "https://quickfixauto.com",
    "rating": 4.9,
    "reviewCount": 234,
    "description": "Trusted auto repair shop with certified mechanics and quality parts guarantee.",
    "services": ["Oil Changes", "Brake Repair", "Engine Diagnostics", "Transmission Service"],
    "neighborhood": "Capitol Hill",
    "hours": {
      "Monday": "7:00 AM - 6:00 PM",
      "Tuesday": "7:00 AM - 6:00 PM",
      "Wednesday": "7:00 AM - 6:00 PM",
      "Thursday": "7:00 AM - 6:00 PM",
      "Friday": "7:00 AM - 6:00 PM",
      "Saturday": "8:00 AM - 4:00 PM",
      "Sunday": "Closed"
    },
    "image": "https://images.pexels.com/photos/3806288/pexels-photo-3806288.jpeg",
    "premium": true
  },
  {
    "id": "auto-repair-denver-02",
    "name": "Denver Auto Service Center",
    "category": "auto-repair",
    "city": "denver",
    "state": "Colorado",
    "address": "321 Service Rd, Denver, CO 80203",
    "phone": "(303) 555-0321",
    "website": null,
    "rating": 4.7,
    "reviewCount": 178,
    "description": "Complete automotive care with modern equipment and experienced technicians.",
    "services": ["Full Service Repairs", "Tire Service", "AC Repair", "Electrical Work"],
    "neighborhood": "Highland",
    "hours": {
      "Monday": "8:00 AM - 6:00 PM",
      "Tuesday": "8:00 AM - 6:00 PM",
      "Wednesday": "8:00 AM - 6:00 PM",
      "Thursday": "8:00 AM - 6:00 PM",
      "Friday": "8:00 AM - 6:00 PM",
      "Saturday": "8:00 AM - 3:00 PM",
      "Sunday": "Closed"
    },
    "image": "https://images.pexels.com/photos/3806288/pexels-photo-3806288.jpeg",
    "premium": false
  },
  {
    "id": "auto-repair-denver-03",
    "name": "Mountain View Auto",
    "category": "auto-repair",
    "city": "denver",
    "state": "Colorado",
    "address": "456 Mountain Rd, Denver, CO 80204",
    "phone": "(303) 555-0456",
    "website": null,
    "rating": 4.8,
    "reviewCount": 167,
    "description": "Family-owned auto repair shop serving Denver for over 20 years with honest service.",
    "services": ["General Repairs", "Preventive Maintenance", "Brake Service", "Oil Changes"],
    "neighborhood": "Highlands Ranch",
    "hours": {
      "Monday": "7:30 AM - 5:30 PM",
      "Tuesday": "7:30 AM - 5:30 PM",
      "Wednesday": "7:30 AM - 5:30 PM",
      "Thursday": "7:30 AM - 5:30 PM",
      "Friday": "7:30 AM - 5:30 PM",
      "Saturday": "8:00 AM - 2:00 PM",
      "Sunday": "Closed"
    },
    "image": "https://images.pexels.com/photos/3806288/pexels-photo-3806288.jpeg",
    "premium": false
  },
  {
    "id": "nail-salons-austin-01",
    "name": "Elite Nail Bar",
    "category": "nail-salons",
    "city": "austin",
    "state": "Texas",
    "address": "555 South St, Austin, TX 78701",
    "phone": "(512) 555-0555",
    "website": null,
    "rating": 4.9,
    "reviewCount": 203,
    "description": "Modern nail bar with organic products and artistic nail designs.",
    "services": ["Organic Manicures", "Designer Pedicures", "Nail Art", "Hand Treatments"],
    "neighborhood": "South Austin",
    "hours": {
      "Monday": "9:00 AM - 8:00 PM",
      "Tuesday": "9:00 AM - 8:00 PM",
      "Wednesday": "9:00 AM - 8:00 PM",
      "Thursday": "9:00 AM - 8:00 PM",
      "Friday": "9:00 AM - 8:00 PM",
      "Saturday": "8:00 AM - 7:00 PM",
      "Sunday": "10:00 AM - 6:00 PM"
    },
    "image": "https://images.pexels.com/photos/3997379/pexels-photo-3997379.jpeg",
    "premium": true
  },
  {
    "id": "nail-salons-dallas-01",
    "name": "Uptown Nail Spa",
    "category": "nail-salons",
    "city": "dallas",
    "state": "Texas",
    "address": "2906 McKinney Ave, Dallas, TX 75204",
    "phone": "(214) 953-6245",
    "website": "https://uptownnailspadallas.com/",
    "rating": 4.6,
    "reviewCount": 1372,
    "description": "Uptown Nail Spa",
    "services": ["Nail salon", "Massage spa"],
    "neighborhood": "",
    "hours": {
      "Thursday": "9:30 AM–8 PM",
      "Friday": "9:30 AM–8 PM",
      "Saturday": "9 AM–7 PM",
      "Sunday": "10 AM–8 PM",
      "Monday": "9:30 AM–8 PM",
      "Tuesday": "9:30 AM–8 PM",
      "Wednesday": "9:30 AM–8 PM"
    },
    "image": "https://lh3.googleusercontent.com/p/AF1QipOFKW6-t3yb3jQuwfwYWUqJXPbXwGbwlMZ9IB2I",
    "premium": false,
    "latitude": 32.799823599999996,
    "longitude": -96.8006362
  },
  {
    "id": "nail-salons-dallas-02",
    "name": "Cosmo Nails & Spa",
    "category": "nail-salons",
    "city": "dallas",
    "state": "Texas",
    "address": "6060 E Mockingbird Ln, Dallas, TX 75206",
    "phone": "(469) 776-5408",
    "website": "https://cosmonailsandspa.com/",
    "rating": 4.8,
    "reviewCount": 901,
    "description": "Cosmo Nails & Spa",
    "services": ["Nail salon"],
    "neighborhood": "",
    "hours": {
      "Thursday": "9:30 AM–7:30 PM",
      "Friday": "9:30 AM–7:30 PM",
      "Saturday": "9 AM–7 PM",
      "Sunday": "10:30 AM–6 PM",
      "Monday": "9:30 AM–7:30 PM",
      "Tuesday": "9:30 AM–7:30 PM",
      "Wednesday": "9:30 AM–7:30 PM"
    },
    "image": "https://lh3.googleusercontent.com/p/AF1QipPzGf6NMKvFGu_GxM3x5hGC79y0a4Arez-VTPmO",
    "premium": false,
    "latitude": 32.8358639,
    "longitude": -96.7623271
  },
  {
    "id": "nail-salons-dallas-03",
    "name": "Rose Couture Nail Bar",
    "category": "nail-salons",
    "city": "dallas",
    "state": "Texas",
    "address": "8061 Walnut Hill Ln Ste 900, Dallas, TX 75231",
    "phone": "(469) 677-0011",
    "website": "http://rcnailbar.com/",
    "rating": 4.5,
    "reviewCount": 1607,
    "description": "Rose Couture Nail Bar - Dallas",
    "services": ["Nail salon"],
    "neighborhood": "",
    "hours": {
      "Thursday": "10 AM–7:30 PM",
      "Friday": "10 AM–7:30 PM",
      "Saturday": "9 AM–7 PM",
      "Sunday": "11:30 AM–5 PM",
      "Monday": "10 AM–7:30 PM",
      "Tuesday": "10 AM–7:30 PM",
      "Wednesday": "10 AM–7:30 PM"
    },
    "image": "https://lh3.googleusercontent.com/gps-cs-s/AC9h4nr9Dk4VVfJGbkxHH1KntEVU3GjGTxs8NpwNDvP-k6xHQr3dH9fbUVyp2Sjwxi_bx_6EysWECpT9UIKvd75ldF8kBG2xg_pJXpOPqZ4ZyFo1rM1DnP2_2idbeCfdUYIva8w4lx-9",
    "premium": false,
    "latitude": 32.8819844,
    "longitude": -96.76761979999999
  },
  {
    "id": "nail-salons-dallas-04",
    "name": "French Nails Luxury Spa & Bar",
    "category": "nail-salons",
    "city": "dallas",
    "state": "Texas",
    "address": "6757 Arapaho Rd Suite 719, Dallas, TX 75248",
    "phone": "(469) 498-4900",
    "website": "https://frenchnailshillcrest.com/",
    "rating": 4.9,
    "reviewCount": 1057,
    "description": "French Nails Luxury Spa & Bar",
    "services": ["Nail salon"],
    "neighborhood": "",
    "hours": {
      "Thursday": "10 AM–7:30 PM",
      "Friday": "10 AM–7:30 PM",
      "Saturday": "9:30 AM–7 PM",
      "Sunday": "11 AM–6 PM",
      "Monday": "10 AM–7:30 PM",
      "Tuesday": "10 AM–7:30 PM",
      "Wednesday": "10 AM–7:30 PM"
    },
    "image": "https://lh3.googleusercontent.com/gps-cs-s/AC9h4npXQpVcukhGCM9qZXef8PwJiRbwKSPf716tzq1wQhM5n1or78ll884LKWLcTYNczX3rcriWzyWxBgzsfWjZ5tc9xaoJQuRUf8itpQZt4kUgAtWJappnQMEQzEPtf9GkGTWNxAsCOQ",
    "premium": false,
    "latitude": 32.9629142,
    "longitude": -96.79075619999999
  },
  {
    "id": "nail-salons-dallas-05",
    "name": "Royal Nails Spa",
    "category": "nail-salons",
    "city": "dallas",
    "state": "Texas",
    "address": "5930 Royal Ln ste F, Dallas, TX 75230",
    "phone": "(972) 598-0226",
    "website": "http://royalnailsspa.us/",
    "rating": 4.5,
    "reviewCount": 211,
    "description": "Royal Nails Spa",
    "services": ["Nail salon"],
    "neighborhood": "",
    "hours": {
      "Thursday": "9:30 AM–7:30 PM",
      "Friday": "9:30 AM–7:30 PM",
      "Saturday": "9 AM–7 PM",
      "Sunday": "11:30 AM–5 PM",
      "Monday": "9:30 AM–7:30 PM",
      "Tuesday": "9:30 AM–7:30 PM",
      "Wednesday": "9:30 AM–7:30 PM"
    },
    "image": "https://lh3.googleusercontent.com/p/AF1QipP7Fr2bKyw1QNsm_WQT8sTn671thj3UI8VjgMSf",
    "premium": false,
    "latitude": 32.8944306,
    "longitude": -96.8058155
  },
  {
    "id": "nail-salons-dallas-06",
    "name": "HIGHLAND NAIL BAR",
    "category": "nail-salons",
    "city": "dallas",
    "state": "Texas",
    "address": "10675 E NW Hwy STE 1685, Dallas, TX 75238",
    "phone": "(214) 782-9359",
    "website": "https://highlandnailbardallas.com/",
    "rating": 4.6,
    "reviewCount": 322,
    "description": "HIGHLAND NAIL BAR - BEST NAIL SALON IN DALLAS ( 15% OFF MON-THUR 12PM-3PM, 10% OFF BIRTHDAY, 10% OFF STUDENTS)",
    "services": ["Nail salon", "Beauty salon", "Day spa", "Eyelash salon", "Facial spa", "Waxing hair removal service"],
    "neighborhood": "",
    "hours": {
      "Thursday": "10 AM–7 PM",
      "Friday": "10 AM–7 PM",
      "Saturday": "10 AM–7 PM",
      "Sunday": "12–6 PM",
      "Monday": "10 AM–7 PM",
      "Tuesday": "10 AM–7 PM",
      "Wednesday": "10 AM–7 PM"
    },
    "image": "https://lh3.googleusercontent.com/p/AF1QipMZdeWI0riRd_QAKh2zOh3QSgEiA5ZVPZqlIu_u",
    "premium": false,
    "latitude": 32.8648591,
    "longitude": -96.70235219999999
  },
  {
    "id": "nail-salons-dallas-07",
    "name": "Nail Haus & Spa",
    "category": "nail-salons",
    "city": "dallas",
    "state": "Texas",
    "address": "3410 Main St, Dallas, TX 75226",
    "phone": "(214) 272-3730",
    "website": "https://nailhausandspa.com/",
    "rating": 4.8,
    "reviewCount": 230,
    "description": "Nail Haus & Spa",
    "services": ["Nail salon", "Facial spa"],
    "neighborhood": "",
    "hours": {
      "Thursday": "10 AM–7 PM",
      "Friday": "10 AM–7 PM",
      "Saturday": "10 AM–8 PM",
      "Sunday": "11 AM–5 PM",
      "Monday": "Closed",
      "Tuesday": "10 AM–7 PM",
      "Wednesday": "10 AM–7 PM"
    },
    "image": "https://lh3.googleusercontent.com/gps-cs-s/AC9h4nrv4R4dj0jGg--alKUYMHFWkx6kb3pgQpqhbczQgjwWelaFuzM2b8YDAada0vNzT8GkzOxp-hKQ-dpfkFzyPjAz5EJp2SeV0S8JrDCfsHJ44MasAYtbKGFag1vyM9kHrpODX18",
    "premium": false,
    "latitude": 32.785374,
    "longitude": -96.775548
  },
  {
    "id": "nail-salons-dallas-08",
    "name": "French Nails Dallas",
    "category": "nail-salons",
    "city": "dallas",
    "state": "Texas",
    "address": "10455 N Central Expy Ste 120, Dallas, TX 75231",
    "phone": "(214) 934-5013",
    "website": null,
    "rating": 4.8,
    "reviewCount": 951,
    "description": "French Nails Dallas",
    "services": ["Nail salon"],
    "neighborhood": "",
    "hours": {
      "Thursday": "10 AM–7 PM",
      "Friday": "10 AM–8 PM",
      "Saturday": "9 AM–8 PM",
      "Sunday": "11 AM–6 PM",
      "Monday": "10 AM–7 PM",
      "Tuesday": "10 AM–7 PM",
      "Wednesday": "10 AM–7 PM"
    },
    "image": "https://lh3.googleusercontent.com/p/AF1QipO34EdafQSmNNIWHGu7rPGPUFXbGEFuAruSlpnE",
    "premium": false,
    "latitude": 32.8890826,
    "longitude": -96.7716504
  },
  {
    "id": "nail-salons-dallas-09",
    "name": "The Best Nails Dallas",
    "category": "nail-salons",
    "city": "dallas",
    "state": "Texas",
    "address": "2821 McKinney Ave #5, Dallas, TX 75204",
    "phone": "(945) 400-5739",
    "website": null,
    "rating": 3.5,
    "reviewCount": 171,
    "description": "The Best Nails Dallas",
    "services": ["Nail salon"],
    "neighborhood": "",
    "hours": {
      "Thursday": "9 AM–9 PM",
      "Friday": "9 AM–9 PM",
      "Saturday": "9 AM–9 PM",
      "Sunday": "9 AM–9 PM",
      "Monday": "9 AM–9 PM",
      "Tuesday": "9 AM–9 PM",
      "Wednesday": "9 AM–9 PM"
    },
    "image": "https://lh3.googleusercontent.com/p/AF1QipPUYy2wdYBp2oKrK9P2M-p7QSMnYVYjXHZJAwsc",
    "premium": false,
    "latitude": 32.7997109,
    "longitude": -96.80118019999999
  },
  {
    "id": "nail-salons-dallas-10",
    "name": "3311 Nail Bar",
    "category": "nail-salons",
    "city": "dallas",
    "state": "Texas",
    "address": "3323 Oak Lawn Ave, Dallas, TX 75219",
    "phone": "(972) 290-0165",
    "website": "https://www.scheduleanyone.com/3311NailBar/home/",
    "rating": 4.7,
    "reviewCount": 523,
    "description": "3311 Nail Bar",
    "services": ["Nail salon"],
    "neighborhood": "",
    "hours": {
      "Thursday": "10 AM–8 PM",
      "Friday": "10 AM–8 PM",
      "Saturday": "9 AM–7 PM",
      "Sunday": "11 AM–6 PM",
      "Monday": "10 AM–8 PM",
      "Tuesday": "10 AM–8 PM",
      "Wednesday": "10 AM–8 PM"
    },
    "image": "https://lh3.googleusercontent.com/p/AF1QipP4BtQdPuVh-7ISR-EUoE8LyvGfmWQ6hl-K1d24",
    "premium": false,
    "latitude": 32.8108717,
    "longitude": -96.80734269999999
  },
  {
    "id": "nail-salons-dallas-11",
    "name": "High Five Nail Bar",
    "category": "nail-salons",
    "city": "dallas",
    "state": "Texas",
    "address": "2929 Oak Lawn Ave Unit 140, Dallas, TX 75219",
    "phone": "(972) 803-3048",
    "website": "https://highfivenailbar.com/?utm_source=Google+Profile&utm_medium=organic",
    "rating": 4.7,
    "reviewCount": 357,
    "description": "High Five Nail Bar",
    "services": ["Nail salon"],
    "neighborhood": "",
    "hours": {
      "Thursday": "10 AM–8 PM",
      "Friday": "10 AM–8 PM",
      "Saturday": "9 AM–7 PM",
      "Sunday": "11 AM–5:30 PM",
      "Monday": "10 AM–8 PM",
      "Tuesday": "10 AM–8 PM",
      "Wednesday": "10 AM–8 PM"
    },
    "image": "https://lh3.googleusercontent.com/p/AF1QipMm05Gu-bqaAm2ZGt3FJlq23FUJaYUBrNn1vJ9F",
    "premium": false,
    "latitude": 32.8083094,
    "longitude": -96.8098186
  },
  {
    "id": "nail-salons-dallas-12",
    "name": "Bliss Nail Spa Dallas",
    "category": "nail-salons",
    "city": "dallas",
    "state": "Texas",
    "address": "6464 E NW Hwy Ste #312, Dallas, TX 75214",
    "phone": "(214) 446-9827",
    "website": "https://www.blissnailspadallas.com/",
    "rating": 4.3,
    "reviewCount": 324,
    "description": "Bliss Nail Spa Dallas ( Top Rated )",
    "services": ["Nail salon"],
    "neighborhood": "",
    "hours": {
      "Thursday": "10 AM–8 PM",
      "Friday": "10 AM–8 PM",
      "Saturday": "9:30 AM–7 PM",
      "Sunday": "12–6 PM",
      "Monday": "10 AM–8 PM",
      "Tuesday": "10 AM–8 PM",
      "Wednesday": "10 AM–8 PM"
    },
    "image": "https://lh3.googleusercontent.com/p/AF1QipMi8XzIr-Ct9lYrKpHmDP9EDWdo_ic7Qk5Pl6M",
    "premium": false,
    "latitude": 32.856611199999996,
    "longitude": -96.7512304
  },
  {
    "id": "nail-salons-dallas-13",
    "name": "Luxe Nail Studio",
    "category": "nail-salons",
    "city": "dallas",
    "state": "Texas",
    "address": "123 Main St, Dallas, TX 75201",
    "phone": "(214) 555-0123",
    "website": "https://luxenailstudio.com",
    "rating": 4.8,
    "reviewCount": 156,
    "description": "Premium nail salon offering manicures, pedicures, and nail art services in a luxurious setting.",
    "services": ["Manicures", "Pedicures", "Nail Art", "Gel Polish", "Acrylic Nails"],
    "neighborhood": "Downtown",
    "hours": {
      "Monday": "9:00 AM - 7:00 PM",
      "Tuesday": "9:00 AM - 7:00 PM",
      "Wednesday": "9:00 AM - 7:00 PM",
      "Thursday": "9:00 AM - 8:00 PM",
      "Friday": "9:00 AM - 8:00 PM",
      "Saturday": "8:00 AM - 6:00 PM",
      "Sunday": "10:00 AM - 5:00 PM"
    },
    "image": "https://images.pexels.com/photos/3997379/pexels-photo-3997379.jpeg",
    "premium": true
  },
  {
    "id": "nail-salons-dallas-14",
    "name": "Dallas Nails & Spa",
    "category": "nail-salons",
    "city": "dallas",
    "state": "Texas",
    "address": "456 Oak Ave, Dallas, TX 75202",
    "phone": "(214) 555-0456",
    "website": null,
    "rating": 4.6,
    "reviewCount": 89,
    "description": "Full-service nail salon and spa with experienced technicians and relaxing atmosphere.",
    "services": ["Manicures", "Pedicures", "Spa Treatments", "Waxing"],
    "neighborhood": "Uptown",
    "hours": {
      "Monday": "10:00 AM - 8:00 PM",
      "Tuesday": "10:00 AM - 8:00 PM",
      "Wednesday": "10:00 AM - 8:00 PM",
      "Thursday": "10:00 AM - 8:00 PM",
      "Friday": "10:00 AM - 8:00 PM",
      "Saturday": "9:00 AM - 7:00 PM",
      "Sunday": "11:00 AM - 6:00 PM"
    },
    "image": "https://images.pexels.com/photos/3997974/pexels-photo-3997974.jpeg",
    "premium": false
  },
  {
    "id": "nail-salons-frisco-01",
    "name": "Onyx Nail Bar Frisco",
    "category": "nail-salons",
    "city": "frisco",
    "state": "Texas",
    "address": "Frisco, TX",
    "phone": "(214) 705-1744",
    "website": null,
    "rating": 4.3,
    "reviewCount": 939,
    "description": "Professional nail salon services in Frisco. Top-rated nail salon offering manicures, pedicures, and nail art",
    "services": ["Manicure", "Pedicure"],
    "neighborhood": "Central Frisco",
    "hours": {
      "Monday": "9:00 AM - 6:00 PM",
      "Tuesday": "9:00 AM - 6:00 PM",
      "Wednesday": "9:00 AM - 6:00 PM",
      "Thursday": "9:00 AM - 7:00 PM",
      "Friday": "9:00 AM - 7:00 PM",
      "Saturday": "9:00 AM - 5:00 PM",
      "Sunday": "Closed"
    },
    "image": "https://near-me-directories.s3.us-east-2.amazonaws.com/nail-salons/nail-salons-frisco-0.png",
    "premium": false
  },
  {
    "id": "nail-salons-frisco-02",
    "name": "Willow Nail Lounge",
    "category": "nail-salons",
    "city": "frisco",
    "state": "Texas",
    "address": "Frisco, TX",
    "phone": "(469) 362-6373",
    "website": null,
    "rating": 4.7,
    "reviewCount": 518,
    "description": "Professional nail salon services in Frisco. Top-rated nail salon offering manicures, pedicures, and nail art",
    "services": ["Manicure", "Pedicure"],
    "neighborhood": "West Frisco",
    "hours": {
      "Monday": "9:00 AM - 6:00 PM",
      "Tuesday": "9:00 AM - 6:00 PM",
      "Wednesday": "9:00 AM - 6:00 PM",
      "Thursday": "9:00 AM - 7:00 PM",
      "Friday": "9:00 AM - 7:00 PM",
      "Saturday": "9:00 AM - 5:00 PM",
      "Sunday": "Closed"
    },
    "image": "https://near-me-directories.s3.us-east-2.amazonaws.com/nail-salons/nail-salons-frisco-0.png",
    "premium": false
  },
  {
    "id": "nail-salons-frisco-03",
    "name": "Ooh La La Nail and Spa",
    "category": "nail-salons",
    "city": "frisco",
    "state": "Texas",
    "address": "Frisco, TX",
    "phone": "(469) 200-5115",
    "website": null,
    "rating": 4.8,
    "reviewCount": 577,
    "description": "Professional nail salon services in Frisco. Top-rated nail salon offering manicures, pedicures, and nail art",
    "services": ["Manicure", "Pedicure"],
    "neighborhood": "North Frisco",
    "hours": {
      "Monday": "9:00 AM - 6:00 PM",
      "Tuesday": "9:00 AM - 6:00 PM",
      "Wednesday": "9:00 AM - 6:00 PM",
      "Thursday": "9:00 AM - 7:00 PM",
      "Friday": "9:00 AM - 7:00 PM",
      "Saturday": "9:00 AM - 5:00 PM",
      "Sunday": "Closed"
    },
    "image": "https://near-me-directories.s3.us-east-2.amazonaws.com/nail-salons/nail-salons-frisco-3.png",
    "premium": false
  },
  {
    "id": "nail-salons-frisco-04",
    "name": "Universal Nail & Spa Of Frisco",
    "category": "nail-salons",
    "city": "frisco",
    "state": "Texas",
    "address": "Frisco, TX",
    "phone": "(972) 797-9999",
    "website": null,
    "rating": 4.9,
    "reviewCount": 330,
    "description": "Professional nail salon services in Frisco. Top-rated nail salon offering manicures, pedicures, and nail art",
    "services": ["Manicure", "Pedicure"],
    "neighborhood": "East Frisco",
    "hours": {
      "Monday": "9:00 AM - 6:00 PM",
      "Tuesday": "9:00 AM - 6:00 PM",
      "Wednesday": "9:00 AM - 6:00 PM",
      "Thursday": "9:00 AM - 7:00 PM",
      "Friday": "9:00 AM - 7:00 PM",
      "Saturday": "9:00 AM - 5:00 PM",
      "Sunday": "Closed"
    },
    "image": "https://near-me-directories.s3.us-east-2.amazonaws.com/nail-salons/nail-salons-frisco-4.png",
    "premium": true
  },
  {
    "id": "nail-salons-frisco-05",
    "name": "Fabuluxe Nails & Spa",
    "category": "nail-salons",
    "city": "frisco",
    "state": "Texas",
    "address": "Frisco, TX",
    "phone": "(972) 668-3970",
    "website": null,
    "rating": 4.9,
    "reviewCount": 406,
    "description": "Professional nail salon services in Frisco. Top-rated nail salon offering manicures, pedicures, and nail art",
    "services": ["Manicure", "Pedicure"],
    "neighborhood": "South Frisco",
    "hours": {
      "Monday": "9:00 AM - 6:00 PM",
      "Tuesday": "9:00 AM - 6:00 PM",
      "Wednesday": "9:00 AM - 6:00 PM",
      "Thursday": "9:00 AM - 7:00 PM",
      "Friday": "9:00 AM - 7:00 PM",
      "Saturday": "9:00 AM - 5:00 PM",
      "Sunday": "Closed"
    },
    "image": "https://near-me-directories.s3.us-east-2.amazonaws.com/nail-salons/nail-salons-frisco-5.png",
    "premium": true
  },
  {
    "id": "nail-salons-frisco-06",
    "name": "Dash Nail Spa",
    "category": "nail-salons",
    "city": "frisco",
    "state": "Texas",
    "address": "Frisco, TX",
    "phone": "(214) 308-9595",
    "website": null,
    "rating": 4.8,
    "reviewCount": 230,
    "description": "Professional nail salon services in Frisco. Top-rated nail salon offering manicures, pedicures, and nail art",
    "services": ["Manicure", "Pedicure"],
    "neighborhood": "Downtown Frisco",
    "hours": {
      "Monday": "9:00 AM - 6:00 PM",
      "Tuesday": "9:00 AM - 6:00 PM",
      "Wednesday": "9:00 AM - 6:00 PM",
      "Thursday": "9:00 AM - 7:00 PM",
      "Friday": "9:00 AM - 7:00 PM",
      "Saturday": "9:00 AM - 5:00 PM",
      "Sunday": "Closed"
    },
    "image": "https://near-me-directories.s3.us-east-2.amazonaws.com/nail-salons/nail-salons-frisco-6.png",
    "premium": false
  },
  {
    "id": "nail-salons-frisco-07",
    "name": "American Nail Salon & Bar",
    "category": "nail-salons",
    "city": "frisco",
    "state": "Texas",
    "address": "Frisco, TX",
    "phone": "(469) 200-8232",
    "website": null,
    "rating": 4.8,
    "reviewCount": 689,
    "description": "Professional nail salon services in Frisco. Top-rated nail salon offering manicures, pedicures, and nail art",
    "services": ["Manicure", "Pedicure"],
    "neighborhood": "Legacy West",
    "hours": {
      "Monday": "9:00 AM - 6:00 PM",
      "Tuesday": "9:00 AM - 6:00 PM",
      "Wednesday": "9:00 AM - 6:00 PM",
      "Thursday": "9:00 AM - 7:00 PM",
      "Friday": "9:00 AM - 7:00 PM",
      "Saturday": "9:00 AM - 5:00 PM",
      "Sunday": "Closed"
    },
    "image": "https://near-me-directories.s3.us-east-2.amazonaws.com/nail-salons/nail-salons-frisco-0.png",
    "premium": false
  },
  {
    "id": "nail-salons-frisco-08",
    "name": "Grey Stone Nails Bar",
    "category": "nail-salons",
    "city": "frisco",
    "state": "Texas",
    "address": "Frisco, TX",
    "phone": "(469) 983-6700",
    "website": null,
    "rating": 4.5,
    "reviewCount": 874,
    "description": "Professional nail salon services in Frisco. Top-rated nail salon offering manicures, pedicures, and nail art",
    "services": ["Manicure", "Pedicure"],
    "neighborhood": "Stonebriar",
    "hours": {
      "Monday": "9:00 AM - 6:00 PM",
      "Tuesday": "9:00 AM - 6:00 PM",
      "Wednesday": "9:00 AM - 6:00 PM",
      "Thursday": "9:00 AM - 7:00 PM",
      "Friday": "9:00 AM - 7:00 PM",
      "Saturday": "9:00 AM - 5:00 PM",
      "Sunday": "Closed"
    },
    "image": "https://near-me-directories.s3.us-east-2.amazonaws.com/nail-salons/nail-salons-frisco-0.png",
    "premium": false
  },
  {
    "id": "nail-salons-frisco-09",
    "name": "Aria Nail Bar",
    "category": "nail-salons",
    "city": "frisco",
    "state": "Texas",
    "address": "Frisco, TX",
    "phone": "(214) 872-1939",
    "website": null,
    "rating": 4.3,
    "reviewCount": 726,
    "description": "Professional nail salon services in Frisco. Top-rated nail salon offering manicures, pedicures, and nail art",
    "services": ["Manicure", "Pedicure"],
    "neighborhood": "The Star",
    "hours": {
      "Monday": "9:00 AM - 6:00 PM",
      "Tuesday": "9:00 AM - 6:00 PM",
      "Wednesday": "9:00 AM - 6:00 PM",
      "Thursday": "9:00 AM - 7:00 PM",
      "Friday": "9:00 AM - 7:00 PM",
      "Saturday": "9:00 AM - 5:00 PM",
      "Sunday": "Closed"
    },
    "image": "https://near-me-directories.s3.us-east-2.amazonaws.com/nail-salons/nail-salons-frisco-0.png",
    "premium": false
  },
  {
    "id": "nail-salons-frisco-10",
    "name": "Elegant Nail Salon",
    "category": "nail-salons",
    "city": "frisco",
    "state": "Texas",
    "address": "Frisco, TX",
    "phone": "(972) 294-5634",
    "website": null,
    "rating": 4.9,
    "reviewCount": 140,
    "description": "Professional nail salon services in Frisco. Top-rated nail salon offering manicures, pedicures, and nail art",
    "services": ["Manicure", "Pedicure"],
    "neighborhood": "Preston Road",
    "hours": {
      "Monday": "9:00 AM - 6:00 PM",
      "Tuesday": "9:00 AM - 6:00 PM",
      "Wednesday": "9:00 AM - 6:00 PM",
      "Thursday": "9:00 AM - 7:00 PM",
      "Friday": "9:00 AM - 7:00 PM",
      "Saturday": "9:00 AM - 5:00 PM",
      "Sunday": "Closed"
    },
    "image": "https://near-me-directories.s3.us-east-2.amazonaws.com/nail-salons/nail-salons-frisco-0.png",
    "premium": false
  },
  {
    "id": "nail-salons-garland-01",
    "name": "Lavish Nail & Spa",
    "category": "nail-salons",
    "city": "garland",
    "state": "Texas",
    "address": "1440 W Buckingham Rd, Garland, TX 75042",
    "phone": "(214) 501-3619",
    "website": "https://lavishnailandspagarland.com/",
    "rating": 4.7,
    "reviewCount": 486,
    "description": "",
    "services": [
      "Nail salon",
      "Beauty salon",
      "Waxing hair removal service"
    ],
    "neighborhood": "",
    "hours": {
      "Wednesday": "9:30 AM–7:30 PM",
      "Thursday": "9:30 AM–7:30 PM",
      "Friday": "9:30 AM–7:30 PM",
      "Saturday": "9 AM–7 PM",
      "Sunday": "11:30 AM–6 PM",
      "Monday": "9:30 AM–7:30 PM",
      "Tuesday": "9:30 AM–7:30 PM"
    },
    "image": "https://lh3.googleusercontent.com/p/AF1QipMg7YTpCO3fGtP3ioOvV1bOPeF0fFHiXkIlWHo3",
    "premium": false
  },
  {
    "id": "nail-salons-garland-02",
    "name": "Luxury Nails",
    "category": "nail-salons",
    "city": "garland",
    "state": "Texas",
    "address": "5435 N Garland Ave # 115, Garland, TX 75040",
    "phone": "(972) 414-3604",
    "website": null,
    "rating": 4.7,
    "reviewCount": 555,
    "description": "",
    "services": [
      "Nail salon"
    ],
    "neighborhood": "",
    "hours": {
      "Wednesday": "10 AM–7 PM",
      "Thursday": "10 AM–7 PM",
      "Friday": "10 AM–7 PM",
      "Saturday": "9 AM–6 PM",
      "Sunday": "Closed",
      "Monday": "10 AM–7 PM",
      "Tuesday": "10 AM–7 PM"
    },
    "image": "https://lh3.googleusercontent.com/gps-cs-s/AC9h4noFY2Mjm1_wp7M_7dlv0TFcPQySTx0dblydI-Gm_B3K6k3_vq5Mj7tH6o-KCsz0GmP23uLLQ_bmLQ8tW59_eMlOUinMRKFlNrRoLDTH-UOsYJx3tqTl3K7YEQHxez2lMENAdZQd",
    "premium": false
  },
  {
    "id": "nail-salons-garland-03",
    "name": "Deluxe Nails & Spa",
    "category": "nail-salons",
    "city": "garland",
    "state": "Texas",
    "address": "6505 Duck Creek Dr, Garland, TX 75043",
    "phone": "(972) 303-7000",
    "website": null,
    "rating": 4.6,
    "reviewCount": 359,
    "description": "",
    "services": [
      "Nail salon"
    ],
    "neighborhood": "",
    "hours": {
      "Wednesday": "10 AM–7 PM",
      "Thursday": "10 AM–7 PM",
      "Friday": "10 AM–7 PM",
      "Saturday": "10 AM–7 PM",
      "Sunday": "12–5 PM",
      "Monday": "10 AM–7 PM",
      "Tuesday": "Closed"
    },
    "image": "https://lh3.googleusercontent.com/p/AF1QipNRoTizxBalZnhIy3weplgjJu15V5SRd5VBGKby",
    "premium": false
  },
  {
    "id": "nail-salons-garland-04",
    "name": "Ola Nail Spa",
    "category": "nail-salons",
    "city": "garland",
    "state": "Texas",
    "address": "1548 S First St, Garland, TX 75040",
    "phone": "(469) 661-8258",
    "website": null,
    "rating": 4.5,
    "reviewCount": 238,
    "description": "",
    "services": [
      "Nail salon"
    ],
    "neighborhood": "",
    "hours": {
      "Wednesday": "10 AM–7:30 PM",
      "Thursday": "10 AM–7:30 PM",
      "Friday": "10 AM–7:30 PM",
      "Saturday": "9 AM–7:30 PM",
      "Sunday": "12–6 PM",
      "Monday": "11 AM–7:30 PM",
      "Tuesday": "10 AM–7:30 PM"
    },
    "image": "https://lh3.googleusercontent.com/p/AF1QipNCACyQkJFekarrgxCpqUTknAasyTPuf6PZqXcG",
    "premium": false
  },
  {
    "id": "nail-salons-garland-05",
    "name": "Avalon Nails",
    "category": "nail-salons",
    "city": "garland",
    "state": "Texas",
    "address": "1311 Marketplace Dr #134, Garland, TX 75041",
    "phone": "(469) 372-7706",
    "website": null,
    "rating": 4.3,
    "reviewCount": 399,
    "description": "",
    "services": [
      "Nail salon"
    ],
    "neighborhood": "",
    "hours": {
      "Wednesday": "9:30 AM–7 PM",
      "Thursday": "9:30 AM–7 PM",
      "Friday": "9:30 AM–7 PM",
      "Saturday": "9:30 AM–6 PM",
      "Sunday": "Closed",
      "Monday": "9:30 AM–7 PM",
      "Tuesday": "9:30 AM–7 PM"
    },
    "image": "https://lh3.googleusercontent.com/gps-cs-s/AC9h4npd9dFx6wYq2IGbdr_pb57q7ub9wg-m4DeNWRB2CoadsxgwdqipriuJdvoOz4Rl1n--l3NLqnDVV4Yr-h6GoagpILYHBGAIw1IDs05oqTu90DM6GYy2O9rfEe88QyoAyXlKsa4",
    "premium": false
  }
]